user1,$2b$12$fOTK6L9J6u6T/lBiTMls8utBjQ9jdxOSE5KOLn02oxq.g6FNFvR22,Keneth,Mcgowan
user2,$2b$12$fOTK6L9J6u6T/lBiTMls8utBjQ9jdxOSE5KOLn02oxq.g6FNFvR22,Nathaniel,Calhoun
user3,$2b$12$fOTK6L9J6u6T/lBiTMls8utBjQ9jdxOSE5KOLn02oxq.g6FNFvR22,Tyree,Lindsay
user4,$2b$12$fOTK6L9J6u6T/lBiTMls8utBjQ9jdxOSE5KOLn02oxq.g6FNFvR22,Gordon,Parrish
user5,$2b$12$fOTK6L9J6u6T/lBiTMls8utBjQ9jdxOSE5KOLn02oxq.g6FNFvR22,Elliott,Robles
user6,$2b$12$fOTK6L9J6u6T/lBiTMls8utBjQ9jdxOSE5KOLn02oxq.g6FNFvR22,Jermaine,Bruce
user7,$2b$12$fOTK6L9J6u6T/lBiTMls8utBjQ9jdxOSE5KOLn02oxq.g6FNFvR22,Whitney,Knox
user8,$2b$12$fOTK6L9J6u6T/lBiTMls8utBjQ9jdxOSE5KOLn02oxq.g6FNFvR22,Deon,Parrish
user9,$2b$12$fOTK6L9J6u6T/lBiTMls8utBjQ9jdxOSE5KOLn02oxq.g6FNFvR22,Gary,Pittman
user10,$2b$12$fOTK6L9J6u6T/lBiTMls8utBjQ9jdxOSE5KOLn02oxq.g6FNFvR22,Noble,Mckenzie
user11,$2b$12$fOTK6L9J6u6T/lBiTMls8utBjQ9jdxOSE5KOLn02oxq.g6FNFvR22,Lionel,Holder
user12,$2b$12$fOTK6L9J6u6T/lBiTMls8utBjQ9jdxOSE5KOLn02oxq.g6FNFvR22,Randell,Stokes
user13,$2b$12$fOTK6L9J6u6T/lBiTMls8utBjQ9jdxOSE5KOLn02oxq.g6FNFvR22,Jeremy,Foster
user14,$2b$12$fOTK6L9J6u6T/lBiTMls8utBjQ9jdxOSE5KOLn02oxq.g6FNFvR22,Royal,Ayers
user15,$2b$12$fOTK6L9J6u6T/lBiTMls8utBjQ9jdxOSE5KOLn02oxq.g6FNFvR22,Wilbert,Kidd
user16,$2b$12$fOTK6L9J6u6T/lBiTMls8utBjQ9jdxOSE5KOLn02oxq.g6FNFvR22,Walton,Welch
user17,$2b$12$fOTK6L9J6u6T/lBiTMls8utBjQ9jdxOSE5KOLn02oxq.g6FNFvR22,Jame,Anthony
user18,$2b$12$fOTK6L9J6u6T/lBiTMls8utBjQ9jdxOSE5KOLn02oxq.g6FNFvR22,Damion,Dickerson
user19,$2b$12$fOTK6L9J6u6T/lBiTMls8utBjQ9jdxOSE5KOLn02oxq.g6FNFvR22,Aurelio,Franklin
user20,$2b$12$fOTK6L9J6u6T/lBiTMls8utBjQ9jdxOSE5KOLn02oxq.g6FNFvR22,Don,Black
user21,$2b$12$fOTK6L9J6u6T/lBiTMls8utBjQ9jdxOSE5KOLn02oxq.g6FNFvR22,Buford,Adams
user22,$2b$12$fOTK6L9J6u6T/lBiTMls8utBjQ9jdxOSE5KOLn02oxq.g6FNFvR22,Dino,Wagner
user23,$2b$12$fOTK6L9J6u6T/lBiTMls8utBjQ9jdxOSE5KOLn02oxq.g6FNFvR22,Quentin,Kennedy
user24,$2b$12$fOTK6L9J6u6T/lBiTMls8utBjQ9jdxOSE5KOLn02oxq.g6FNFvR22,Haywood,Wells
user25,$2b$12$fOTK6L9J6u6T/lBiTMls8utBjQ9jdxOSE5KOLn02oxq.g6FNFvR22,Charlie,Schwartz
user26,$2b$12$fOTK6L9J6u6T/lBiTMls8utBjQ9jdxOSE5KOLn02oxq.g6FNFvR22,Nickolas,Holmes
user27,$2b$12$fOTK6L9J6u6T/lBiTMls8utBjQ9jdxOSE5KOLn02oxq.g6FNFvR22,Neal,Holden
user28,$2b$12$fOTK6L9J6u6T/lBiTMls8utBjQ9jdxOSE5KOLn02oxq.g6FNFvR22,Jc,Fitzpatrick
user29,$2b$12$fOTK6L9J6u6T/lBiTMls8utBjQ9jdxOSE5KOLn02oxq.g6FNFvR22,Rene,Yates
user30,$2b$12$fOTK6L9J6u6T/lBiTMls8utBjQ9jdxOSE5KOLn02oxq.g6FNFvR22,Vicente,Powers
